epoch,train_loss,train_rmse,valid_loss,valid_rmse,test_loss,test_rmse
1,0.2682374534005306,0.51791644,0.29762789532114037,0.54555285,1.5044267113829928,1.2265507
