layer,w0
0,29.76999282836914
1,29.741331100463867
