epoch,train_loss,train_rmse,valid_loss,valid_rmse,test_loss,test_rmse
1,0.264573562987958,0.51436716,0.32833310045387554,0.5730036,1.7095613779695653,1.3075019
